File,ZCR,RMS,Centroid,Bandwidth,Rolloff,AmpEnv_Mean,AmpEnv_Std,Spec_Mean,Spec_Std,MFCC_1,MFCC_2,MFCC_3,MFCC_4,MFCC_5,MFCC_6,MFCC_7,MFCC_8,MFCC_9,MFCC_10,MFCC_11,MFCC_12,MFCC_13,Label
jazz.00078.wav,0.09586928412606342,0.11916989,2503.5410170407163,2598.597083896597,5155.861527515951,0.28652382,0.15283655,-57.845375,12.091888,-141.47614,70.87621,-0.5249314,33.563366,1.4298357,-9.16538,0.77252406,0.54355246,-9.180862,-2.561381,4.0683784,-2.233298,-0.69560075,0
jazz.00096.wav,0.07771677723801237,0.044383854,1873.8376247337778,2083.756432490637,4008.739667923434,0.11057087,0.060060833,-64.55895,13.513185,-277.2662,95.78777,-2.9489675,43.91847,1.9368119,22.255892,-6.1426473,22.457829,-12.839392,10.778211,-7.533521,3.594645,-5.0788703,0
jazz.00004.wav,0.04775035648685228,0.108704925,1039.4057429757265,1422.0398263486102,1837.7997661687934,0.24445,0.10800126,-68.994804,13.250295,-270.31265,137.58981,5.64002,42.490513,-7.95947,9.938035,-6.8108325,8.250217,-6.1824946,5.4758544,-5.4403186,-5.177866,-6.9937267,0
jazz.00008.wav,0.04626700865235885,0.11852421,1304.6447662986704,1636.732175415205,2724.341556699536,0.30475187,0.114528045,-62.953094,15.065715,-189.98236,134.4189,-25.65002,45.729492,8.180399,21.443512,-4.585944,14.390953,-12.663227,10.280889,-7.942295,-1.1352844,-5.053429,0
jazz.00072.wav,0.058720635150812064,0.11046993,1336.3546002724486,1554.5636044977155,2751.88673687645,0.26702738,0.14031872,-66.09911,14.746193,-202.82185,145.7447,-23.561142,47.848923,-14.353488,1.6448873,-7.065911,-11.128286,-4.6043057,-3.6093202,-3.7902675,2.0428383,0.8476412,0
jazz.00087.wav,0.04283468979601701,0.045787524,1846.8634833838028,2731.2712860932206,4332.179037213602,0.10111646,0.083702624,-69.25384,10.391982,-340.92114,89.82105,44.52626,28.849882,16.312696,10.603151,6.996853,0.83877164,6.085583,7.1257286,5.425999,2.7258344,9.359518,0
jazz.00097.wav,0.039907645736658934,0.021176668,1176.326568022795,1753.3771368323373,2344.729338112674,0.04386358,0.027108978,-73.37764,9.784661,-413.57648,118.27753,31.093847,40.150215,13.0943165,13.939776,-3.7187622,4.747173,-9.887995,-3.0664465,-6.288996,-3.6193843,-5.2701,0
jazz.00017.wav,0.08414373670726992,0.049843065,1934.3602751013964,2187.2734417477054,4327.366124836862,0.14064728,0.11054869,-63.105396,12.893269,-233.11557,105.91353,-2.6636262,37.423096,-8.166696,15.727241,-15.060575,8.37382,-16.369574,8.638241,-9.372576,7.094328,-5.99686,0
jazz.00019.wav,0.05545069907675947,0.050191432,1352.8857477220745,1715.0484721550633,2713.250208454176,0.14478263,0.054865442,-62.93058,14.116017,-267.31512,129.0458,-14.71859,41.268223,-1.0152897,22.954588,-8.12934,11.185736,-9.07311,11.3224125,-5.5022397,13.576353,-1.1756657,0
jazz.00051.wav,0.042435530259087396,0.069750376,1193.6599936500752,1559.708376046556,2479.890572886456,0.17313936,0.128008,-66.51852,13.960232,-260.92548,138.5347,-16.334736,49.145832,-5.2526445,19.349972,2.2014174,5.547832,-7.8814015,-0.20591289,-1.6223303,-1.7267847,3.9365227,0
jazz.00089.wav,0.06275188212973705,0.045032978,1787.7638893804722,2485.50184386976,3905.2287444714325,0.10532978,0.07446959,-68.61711,10.180916,-322.4348,90.67423,27.020731,37.843826,19.696077,4.6111484,3.0710325,7.9741745,1.9310689,2.082464,0.44003138,4.8904376,13.061074,0
jazz.00075.wav,0.12648901235015467,0.14688885,2902.237371028965,2854.7296978197974,6196.799548651392,0.40778995,0.17100322,-51.8324,10.751041,-78.206566,63.23094,-1.6779568,21.02095,4.4600124,-3.5970638,-1.5601112,-3.075889,-6.0766606,-1.953726,1.7829208,-1.2087541,0.94777787,0
jazz.00036.wav,0.09950288210556844,0.080526754,1481.5814852961128,1411.8576431665483,2657.4937010585845,0.24275811,0.13118458,-63.10463,16.202145,-196.93747,152.82791,-36.87057,41.80115,-8.697372,4.414522,-11.569147,1.4216535,-14.735709,0.47330478,-10.165451,-6.9279656,-6.249939,0
jazz.00058.wav,0.099600311774942,0.080529675,1545.8301777915788,1580.916969126098,2722.1682519757833,0.24273685,0.13116029,-62.118492,15.436476,-190.61761,144.0196,-28.387869,33.796574,-1.2907628,-2.2981575,-5.6472545,-3.6466978,-10.5329075,-2.8500466,-7.7049165,-8.587104,-5.3027043,0
jazz.00056.wav,0.11474045973557692,0.19825299,2976.3136721854653,3035.9683679183013,6860.818077674279,0.49999475,0.10792783,-47.786278,9.886498,-37.92366,65.09798,14.327614,21.301477,7.4935293,6.316901,1.9001935,6.5574055,-2.9158833,5.5678763,2.4430566,2.9960213,0.5928096,0
jazz.00002.wav,0.05785736296403712,0.08082792,1064.7190883164435,1050.3578731864725,1895.8628076964908,0.23699673,0.13198698,-67.11774,16.848701,-256.9818,175.33954,-44.81545,25.638649,-4.25749,-0.22635283,-11.3197775,-9.186364,-4.102288,-8.3070135,-22.554071,-7.60941,-7.656197,0
jazz.00094.wav,0.04150088517498066,0.03976792,1077.2680007298775,1539.2702937086358,2111.702776065835,0.087281644,0.04709376,-71.072586,11.858325,-366.40802,131.7068,16.492437,36.311737,5.05857,14.669265,-6.169326,4.7203755,-9.589378,-1.2988946,-2.697992,1.5731221,-2.2846935,0
jazz.00018.wav,0.08770822759570766,0.052224174,1993.4129867783474,2127.1930773765243,4248.252836789443,0.16038257,0.062354077,-56.632256,14.252335,-192.11354,105.56805,-26.025105,40.168938,-6.6581745,26.505718,-10.3861,18.47399,-13.997672,14.939583,-12.698397,9.578539,-5.196666,0
jazz.00014.wav,0.06491837055297757,0.039290268,1171.8345898377142,1278.0267644982482,2019.0500493945765,0.097748324,0.08972718,-71.63394,12.552272,-358.2756,137.95386,-10.996048,20.851852,1.9459163,-3.4097786,-11.533094,-3.2747328,-11.018583,-8.387629,-7.478257,-0.9960915,-6.7370706,0
jazz.00033.wav,0.04233319134280743,0.06974877,1169.4396755831438,1498.6352447669817,2443.793730060905,0.17311126,0.12800473,-66.61601,14.006981,-261.82486,139.53577,-17.112347,49.890068,-5.8632746,19.849518,1.8529809,5.7118235,-7.836344,-0.42400128,-1.2595353,-2.1943364,4.4571304,0
jazz.00000.wav,0.07841653373936582,0.046740487,1503.9322999254405,1754.3003588891916,2799.366367278132,0.12678622,0.11198941,-64.70355,15.49047,-252.09982,137.90314,-11.12893,8.363254,0.7312536,1.5888377,-3.731885,-4.1349125,-5.4992824,-2.6316204,-3.5324266,-3.143262,-1.8463441,0
jazz.00006.wav,0.048039624419953596,0.098547824,1219.5124856006728,1458.8753959039157,2416.473374510586,0.25552297,0.12676264,-64.29738,16.05522,-234.40953,142.74026,-14.2967205,51.963947,-8.197965,12.785138,-4.2762494,12.085669,-13.715138,-1.5637431,-3.9804888,4.9272647,-3.9477925,0
jazz.00029.wav,0.09937373114849188,0.03632046,2235.248011846126,2259.068865089602,4683.488333363544,0.107369475,0.05247545,-55.93522,14.227953,-232.95944,93.831406,-16.192348,49.591522,-13.951524,13.50087,-11.832385,13.296763,-25.825914,17.382801,-13.31809,9.286801,-5.494769,0
jazz.00081.wav,0.10012748936581593,0.043226168,3026.5185290322397,3302.3417210018733,7277.273396715487,0.116421,0.059386954,-53.24645,11.142537,-228.37268,67.55174,37.07074,21.323814,17.05992,10.132071,10.780065,8.01709,2.0439801,0.2831209,2.4854753,3.8430884,1.5900073,0
jazz.00069.wav,0.08750241686001546,0.111734815,2011.3793005237949,2227.911724332324,3914.071846450841,0.2986953,0.13313985,-55.800056,12.693565,-159.17877,92.01376,-16.731047,27.372528,6.108614,3.2374399,7.151189,4.027298,3.5904977,3.537207,-0.58022815,-3.7204585,-4.718692,0
jazz.00071.wav,0.04257072336620263,0.10030232,971.5184947924217,1301.6314592279884,1795.6992731293503,0.25408086,0.09531216,-65.64958,15.286487,-228.37425,170.4156,-16.073599,43.94548,1.0996212,3.997021,1.0797172,-7.2045374,-12.516271,-4.418202,-6.0617275,-1.3315176,-3.1522162,0
jazz.00021.wav,0.18137212695765662,0.047954846,2915.2020776967365,2420.424422331274,5865.116609719403,0.15089293,0.076837175,-49.845867,15.414259,-174.72078,75.8943,-12.799819,52.615498,-29.40738,22.755056,-22.368855,18.625555,-24.709671,21.171358,-13.808962,13.011256,-7.8632345,0
jazz.00030.wav,0.08464938913863108,0.029581375,1687.9309171434147,1762.9877729056138,3354.8497317285382,0.07415299,0.037476487,-61.723087,15.083812,-319.02478,115.672615,-23.037462,52.595093,-12.8111315,14.634927,-8.212764,0.30544892,-23.86931,10.836663,-9.588441,7.4765005,-4.249779,0
jazz.00044.wav,0.04966836148975251,0.08646611,1004.7574201659099,1246.8335111965353,1811.2538065545243,0.15770507,0.078925304,-66.702576,15.141133,-246.96924,168.01538,-19.797491,21.995052,-0.73890436,15.092532,-1.2764797,4.740402,-2.0533223,6.5338626,-1.3891007,5.62546,-0.285667,0
jazz.00063.wav,0.09874629682721713,0.16242883,2481.5395079724226,2688.38335845447,5553.985987672018,0.4354586,0.12288706,-46.214565,10.514052,-50.615826,85.04832,3.5498576,22.806696,-1.5829428,6.1165333,2.3547208,3.6508038,-1.8693411,4.322984,1.039942,0.79456073,-0.7855245,0
jazz.00092.wav,0.07547665011117556,0.053534985,2215.267218635689,2795.00303259973,5026.545733033643,0.11509238,0.08117605,-63.978058,10.330394,-294.05438,84.63629,39.074047,28.610287,14.117953,1.0143458,7.343283,5.2076178,-3.7476375,-5.045501,2.2260773,-0.5776967,4.209762,0
jazz.00011.wav,0.0768886250483372,0.07116314,1825.7919934436604,2108.13361927364,4011.2377193300463,0.2107459,0.116952956,-60.157967,13.735126,-192.50862,113.1928,-6.349792,39.581062,-9.180212,17.197966,-19.102737,12.200302,-15.4702015,9.694097,-10.955244,12.916771,-7.2863307,0
jazz.00067.wav,0.054932207076566125,0.13801786,1353.9940370892978,1567.0213086501287,2830.3671852341936,0.31462884,0.08266147,-63.49516,15.255255,-177.28923,144.32109,-17.24832,55.66755,-21.235043,0.3485291,-1.5764664,-10.412312,-5.180942,-0.51025313,-8.733682,3.8595126,-7.9607005,0
jazz.00066.wav,0.0883246111723543,0.17286155,1579.597166735635,1854.2680441845785,2967.9326156897046,0.4380466,0.10561527,-56.85521,13.771035,-118.444305,122.29463,-12.950322,26.842342,4.370559,6.8966103,-6.8170652,-0.3957851,-8.276583,-5.0274334,-4.3593554,0.33117342,-4.525175,0
jazz.00038.wav,0.06639416569992267,0.0977495,1554.348779839451,1774.8728276480142,3216.3660885839618,0.25927877,0.11559215,-59.61368,15.059343,-179.60382,124.33756,-29.747341,45.366802,-10.197358,17.78607,-8.814063,12.764595,-10.758047,8.61604,-12.397631,3.39003,-12.025345,0
jazz.00091.wav,0.15147972254447023,0.040916957,2959.1578862773017,2832.7603174225164,6065.55192774797,0.09623597,0.061708078,-60.83643,11.557872,-299.35794,60.76391,32.084476,25.690987,7.444089,-1.2945148,1.8584757,5.254534,-5.537015,-3.092252,3.6521976,-2.3015044,0.8900211,0
jazz.00010.wav,0.03306037920533643,0.06414246,829.6061468763725,1037.8346398077852,1554.3458730604698,0.17244186,0.14797433,-70.34722,14.907961,-318.75613,162.64056,-16.489927,39.12443,31.428146,15.258032,-0.6904927,5.800407,-8.641589,-4.0020485,1.3683021,0.07209229,-3.1007144,0
jazz.00022.wav,0.051224215124709975,0.05047974,1451.862124297044,1920.2708432790446,3047.4311987927786,0.12608856,0.060358502,-67.662605,11.903281,-298.75613,112.07626,6.4888177,28.38917,-6.7709866,16.645588,-11.807552,12.744363,-8.340971,13.893223,-4.237726,2.317613,-4.3295827,0
jazz.00052.wav,0.07725502618178325,0.1882998,2289.4808402193494,2592.510132215596,5243.550127456044,0.44102517,0.14042102,-54.92049,11.683823,-91.53226,82.66672,12.093825,36.692665,-0.77322334,13.448074,5.6481614,9.667837,-3.7435045,1.8151721,1.5047323,1.2590992,0.8051054,0
jazz.00007.wav,0.06482660539926527,0.093775615,1169.7729218908673,1355.2739051651251,1958.322419699826,0.2154142,0.11482041,-69.44215,13.148849,-291.9705,137.69984,2.6473362,35.658165,-12.313128,15.60498,-6.7887726,-2.8450751,-3.7737763,-3.4614394,-1.7078484,10.411185,8.302555,0
jazz.00009.wav,0.03168654534029389,0.085318066,749.4465657215494,1211.2293162151411,1134.090358088022,0.1929428,0.068727486,-68.91012,13.3143835,-296.7094,172.36177,16.870981,18.944475,1.371419,14.397394,1.0102302,9.526041,-7.4072003,3.5161068,-7.660177,-0.1054814,-7.948271,0
jazz.00053.wav,0.07952338009957463,0.13001709,1804.7976374158895,1861.9248653104196,3646.755365429234,0.36784205,0.14026539,-57.03449,15.645832,-141.05447,110.755295,-27.479687,51.97261,-8.6598015,28.612816,-1.6032472,9.656118,-11.177464,6.511756,-9.40914,-0.123499565,-4.9262433,0
jazz.00016.wav,0.06984498864075793,0.060548145,1465.858099684535,1738.8147828826818,2822.465015951276,0.1626272,0.11320007,-66.480995,13.029547,-259.90985,123.19317,-6.395086,37.57145,-2.9789445,13.065518,-14.084049,5.309153,-11.972437,3.51741,-9.638736,5.3370905,-7.83725,0
jazz.00005.wav,0.057875111779775716,0.107499525,1268.2111446452006,1545.968620055585,2486.5520433040892,0.28014052,0.14524826,-67.87024,14.177075,-246.27443,120.21053,-0.9766388,30.696602,0.17293616,23.16143,0.4313876,9.16699,-0.56214124,5.726498,-3.753218,4.230339,-0.28523368,0
jazz.00086.wav,0.26163718097447797,0.052383415,4135.738578404693,3220.6479293446114,8257.483788156178,0.16245021,0.0703949,-44.677647,10.21697,-156.65346,22.764954,10.47278,24.15443,10.140676,2.9690418,2.4916868,0.48640978,2.690116,1.2295191,3.3203454,-7.8132577,1.1047308,0
jazz.00046.wav,0.05863604505027069,0.11046955,1295.2393474800779,1446.1536900917415,2695.60563868547,0.2670271,0.1403487,-66.25424,14.850775,-204.23126,147.6004,-25.210434,49.35248,-15.658071,2.7013888,-7.84962,-10.641352,-4.8027873,-3.6693342,-3.5079243,1.5647384,1.4762617,0
jazz.00060.wav,0.05241074233855375,0.10660699,1427.9245373060999,1887.552795508065,2730.2785922092517,0.2840518,0.12860568,-64.671776,12.753992,-190.4065,129.51292,-7.8296256,20.722414,2.1996531,7.790333,6.1863093,1.3470622,-1.596029,2.017078,-1.9909496,1.1614685,-1.3529067,0
jazz.00037.wav,0.05150064348897912,0.10659271,1276.651309911721,1570.6844362523168,2468.549419500435,0.28383288,0.12853386,-66.00136,13.54525,-198.47012,140.68791,-18.40507,30.508652,-6.6951494,15.7164755,-0.7360026,7.2920203,-6.588791,6.0721865,-5.131031,3.4454892,-2.8457658,0
jazz.00041.wav,0.10058782567188708,0.07820094,1617.4093844354438,1568.4366650433115,3103.562413899362,0.22792244,0.13067232,-63.803715,16.069841,-216.33937,135.02339,-35.487026,61.59968,-14.557851,11.047007,1.2091343,10.954965,-8.300718,-1.4434432,0.11894784,8.277707,-4.579705,0
jazz.00026.wav,0.05861036591260634,0.03193886,1367.435200194705,1638.9549228243259,2631.480659077726,0.05200776,0.030045995,-68.53164,12.2104,-414.08255,104.827614,-7.8329196,37.852913,0.19328839,23.407959,-7.2962813,5.744218,-1.0660863,8.488759,-5.5004673,0.877302,-1.4534107,0
jazz.00001.wav,0.059293884135730855,0.022786215,1266.4884313587363,1691.2917034209945,2410.6862220852668,0.060404647,0.045078576,-64.459755,15.516409,-345.75772,146.97388,-0.50894165,22.634275,5.8155456,10.363343,-0.15792406,-1.7160186,-6.119844,-0.522886,1.0385453,1.2205255,-1.9355482,0
jazz.00070.wav,0.05004033135150812,0.08647344,1117.2614806332522,1545.152703760625,1956.4655348209108,0.15729244,0.07760899,-65.38224,14.521094,-237.89583,155.84558,-9.223945,13.184577,6.6045504,8.891064,3.9869585,0.26179367,1.750626,3.356517,1.1839763,3.6197555,1.1614976,0
jazz.00059.wav,0.03801713930407464,0.18228659,1391.5959542659566,2133.0459484799926,2913.9606228877096,0.3880771,0.1457225,-63.5907,12.278592,-179.79295,114.698,28.397093,36.0584,11.13554,12.761848,3.7982714,8.478696,-0.06284362,5.388269,1.0202453,2.6880953,-3.727063,0
jazz.00076.wav,0.06870037884280743,0.119098485,1733.7356811346049,2068.2160498614826,3379.9718020410382,0.2726753,0.14016768,-59.66656,13.35164,-154.33812,110.678246,-22.296112,21.155048,4.270861,4.751124,-4.084911,-1.0139267,-6.4087467,-9.243102,-3.6306064,-5.5059047,0.53899264,0
jazz.00057.wav,0.06185877682714617,0.07809878,1378.6753716271073,1773.7599612811105,2584.991922400667,0.15275306,0.08007266,-67.17693,13.01122,-248.04065,125.96372,-12.627049,30.244604,-1.0868208,-2.2237856,1.9342353,0.23698266,2.6991632,-4.4125104,-6.465382,-6.510919,-3.995319,0
jazz.00099.wav,0.046179019842420725,0.0392551,1492.5309939204085,2014.4559100407412,3377.149003951566,0.08818194,0.04674829,-66.77042,12.3237095,-315.03824,112.72009,9.759592,38.984005,3.9417918,20.022207,-7.2148595,15.278688,-13.678443,10.154263,-4.878445,4.704112,-2.7004828,0
jazz.00080.wav,0.14034857163573086,0.07571336,3029.524006692204,2829.078711471935,6202.203666527697,0.23089184,0.083851516,-44.049683,10.615344,-117.26823,56.985897,-2.100188,35.6115,4.7055225,3.8937654,11.592541,6.0795307,0.58258206,2.2728043,2.699062,-1.8532667,1.6794043,0
jazz.00023.wav,0.08013779123163187,0.08778412,1988.7524361987316,2100.2888334462386,4317.182401935905,0.2199678,0.092937894,-59.922855,13.9285965,-188.1169,98.61235,-11.277219,47.221462,-20.34147,18.78427,-15.795817,13.686597,-15.463713,17.43076,1.0079583,18.28063,4.641811,0
jazz.00061.wav,0.09425926647640061,0.23172186,2455.008879715117,2656.8714376589696,5469.5079601460575,0.5710772,0.104257435,-48.548084,11.09684,-23.793098,82.98356,2.3204923,29.46328,6.617261,6.4766674,-0.7065423,6.2216444,-3.372559,5.657924,-0.3649514,3.1989357,-0.21585414,0
jazz.00043.wav,0.08571960496423048,0.11169214,1761.2131331366036,1793.1994885944387,3462.7322451421114,0.29818404,0.13321678,-58.928944,15.316235,-173.19873,111.66873,-35.907608,45.83885,-11.437211,19.691479,-8.076202,17.946383,-8.960497,14.693592,-10.340895,4.678985,-11.800859,0
jazz.00003.wav,0.044649978248259864,0.05944417,813.4170141933286,1059.436025497951,1416.9114115066704,0.15831734,0.10284538,-68.439766,15.806133,-297.30292,193.07446,10.171171,-1.5964475,3.3883607,9.993822,-7.2564507,4.6935673,-5.391065,-2.8595288,-10.230401,0.3792567,-4.969516,0
jazz.00050.wav,0.08126299096903669,0.19040252,2486.0099199626684,2760.0110054655725,5797.288135213589,0.4489146,0.07378247,-46.7828,10.694334,-54.897827,77.32104,8.338181,31.679045,11.31049,11.7354355,7.8756256,13.472068,-2.214122,5.5905604,1.5235485,7.4191575,-0.9225682,0
jazz.00048.wav,0.07930246398878577,0.058648378,1748.3486883454468,1947.9220004793158,3685.416874365574,0.15618092,0.06526053,-58.63681,14.811323,-204.78166,117.437454,-20.93583,42.01605,-10.355554,19.221495,-11.642017,7.983561,-20.268,8.788082,-11.700527,5.1742787,-11.235282,0
jazz.00047.wav,0.09353588130800464,0.05389259,1981.9823821841665,2145.059569858149,4262.017100039879,0.13820668,0.06539738,-56.38571,14.686589,-201.77866,109.287796,-15.506362,44.262638,-11.043766,18.838415,-11.305835,18.402468,-18.90308,11.213676,-11.905747,6.9541726,-11.655337,0
jazz.00090.wav,0.054141818324632635,0.06135448,1875.1521594572132,2569.4886461121373,4292.518307714618,0.1516669,0.05554764,-56.252007,10.966685,-217.63109,105.63394,19.312328,28.34839,8.654819,0.14195953,6.3652163,-2.540636,-12.9904175,-11.146647,-6.156669,-7.739082,0.42071098,0
jazz.00073.wav,0.12970003746133024,0.13313222,2967.826756749952,2921.8330539368476,6414.7878412304235,0.3670732,0.15619536,-51.59261,10.51672,-84.05484,63.09341,5.613019,24.932241,6.1947927,-2.9102547,-0.36938912,-1.0819333,-4.2484245,-2.3233378,1.5739508,1.9415085,1.5482018,0
jazz.00012.wav,0.06368954828886311,0.037519317,1650.9582872211786,2040.7208687666034,3658.879241589327,0.102781996,0.058113318,-61.05221,14.017039,-253.17776,122.693375,-5.665437,40.575787,-5.8344774,18.414371,-16.655176,14.596437,-15.156902,8.209847,-13.885359,8.284788,-7.303147,0
jazz.00088.wav,0.069027032579273,0.091520354,2428.058768410789,3007.019818392754,5925.969141984484,0.23214504,0.11428536,-56.761723,10.887913,-192.53928,80.9684,25.694563,18.537584,14.170472,1.2607204,4.0871086,-1.4164065,2.6693683,5.248078,3.7233064,0.29042122,7.335002,0
jazz.00024.wav,0.09322282240912606,0.05883789,2034.4917204627848,2084.4823311170585,4342.462682170823,0.18355349,0.10628958,-58.288845,14.7340145,-202.62045,105.849625,-20.564375,43.892128,-14.27648,25.298754,-15.593871,15.321755,-13.293831,12.2762575,-8.766582,10.16218,-1.8646472,0
jazz.00085.wav,0.14755912243812838,0.07137948,2860.6831509039876,2566.170784403403,5605.1610535092805,0.2123255,0.09023832,-49.85872,11.546663,-131.90504,61.607956,-12.67634,35.07376,-2.1412582,-0.95746475,-4.8419356,-4.1117215,-3.2795613,2.5008752,6.4012136,3.4144213,-2.8996136,0
jazz.00013.wav,0.06107594076276102,0.05546204,1790.2436399601108,2313.009871801148,4398.1775553763055,0.14419945,0.05475883,-58.999138,13.424335,-217.6363,112.63075,12.674138,39.518566,-9.819438,17.370192,-12.366685,20.703709,-18.293848,16.350721,-10.01516,9.042705,-6.878432,0
jazz.00095.wav,0.06336251691802011,0.06815121,1854.6319159218997,2215.6086477855492,4282.218009081352,0.16907328,0.07037818,-62.588676,12.969064,-219.79694,100.832466,-1.4313542,41.2765,-0.943615,23.37852,-11.5095,20.015314,-15.975561,13.942784,-7.988526,5.734379,-6.879345,0
jazz.00079.wav,0.1078452031370843,0.06982318,2634.043115077565,2728.2919813424173,5561.861495794664,0.19655173,0.08360111,-50.857292,11.119381,-163.56102,65.98095,5.354575,41.90309,7.0279517,5.4982114,8.927302,2.682466,-0.17861615,5.162721,10.484863,3.3343596,3.836848,0
jazz.00084.wav,0.11831247281032482,0.05166333,2875.155262931994,2802.961209947392,6139.435961517546,0.14342663,0.065726064,-48.720417,10.897439,-178.03915,61.93402,1.4865072,36.045277,7.582727,5.1545825,-0.90878844,2.9489563,1.4483309,2.140209,5.176123,2.027973,0.5181928,0
jazz.00065.wav,0.07649135368329467,0.08223485,1337.7771038204241,1518.833998927628,2754.5096908533933,0.22062363,0.11652069,-65.45667,15.463906,-235.76547,144.76729,-22.57307,62.554108,-9.30633,2.031492,-0.3348492,1.998136,5.5365386,0.30647504,9.452853,2.9002879,2.563639,0
jazz.00042.wav,0.061185832366589324,0.09949224,1344.6201262512332,1548.9896603738453,2773.0951933185906,0.25292614,0.15446095,-65.21751,15.091688,-206.79463,141.81705,-13.789803,49.32459,-24.800512,11.800834,-12.790984,-16.55076,-8.390814,-1.2141522,-7.660741,-1.3785262,-9.3491535,0
jazz.00025.wav,0.06359853840390564,0.069333844,1697.9171784792436,2065.918166230217,3806.189333037268,0.15933497,0.101077415,-63.9204,12.996453,-237.67996,108.312355,2.04028,41.773415,-10.450012,16.938732,-8.598847,12.791259,-9.114674,15.943176,-6.5168304,7.1786127,-8.255826,0
jazz.00027.wav,0.06268088686678268,0.04059417,1769.4282675269487,2113.3603976094173,3966.4393307714618,0.10892592,0.059383698,-58.345623,14.265701,-262.10797,108.99054,-6.340923,55.173943,-10.668641,18.520815,-4.25078,18.553394,-19.70442,17.577572,-10.98687,11.923827,-3.4338589,0
jazz.00064.wav,0.055842305926140756,0.2119892,1574.959956587146,2069.6779972005947,3339.64492550029,0.51417273,0.11243811,-53.294937,13.775066,-69.57057,125.992775,-5.1503735,30.77484,8.313545,5.0850725,-3.913447,5.374507,-10.77791,9.031307,-8.259539,4.7895656,-5.1246743,0
jazz.00049.wav,0.06476844970514307,0.1843305,2049.705424466469,2467.129879372664,4562.441089037123,0.3930701,0.17456877,-60.312653,11.869347,-165.51665,87.27495,24.825937,28.404268,-2.765304,-1.3249929,-14.071616,-4.758404,-19.20224,-0.60245854,-11.948311,-8.32714,-8.228104,0
jazz.00015.wav,0.07355637930201082,0.062371545,1782.220467473971,2061.769257168727,3811.801621864124,0.18111347,0.091487885,-58.369072,14.310455,-200.0005,117.24072,-12.38803,39.11275,-6.3558517,16.529463,-17.309965,13.630981,-17.660389,14.04195,-10.207223,12.181233,-6.7178407,0
jazz.00055.wav,0.03777854311678268,0.091461584,871.7965368873743,1205.6555880351484,1632.701418847883,0.2168248,0.09411663,-67.71139,15.233584,-260.38052,180.59885,-15.351955,48.54308,-0.077721074,5.433353,6.595534,-9.157926,-10.286931,-2.9881864,-5.8197937,-2.9285157,-3.6202679,0
jazz.00039.wav,0.07648568916763342,0.0822344,1311.1445630270346,1446.2128274237502,2723.742024361949,0.22066663,0.11661408,-65.62661,15.571683,-237.32549,146.8242,-24.415499,64.26624,-10.8137045,3.2741911,-1.3289616,2.707299,5.1439767,0.40130147,9.623003,2.5155435,3.119005,0
jazz.00077.wav,0.1308816554282676,0.1457161,2777.8434123208845,2691.227405583129,5813.698384933295,0.41376758,0.1668566,-48.487885,11.50397,-77.04768,64.53718,-2.8516343,28.523897,4.68933,-2.8045924,-5.941858,1.9067211,-5.199494,-2.319647,-2.9380128,-6.1523376,-0.7627095,0
jazz.00082.wav,0.2066977988447409,0.047818083,3905.0663421586682,3328.8714437290246,8036.631063297564,0.15166405,0.07721291,-47.67132,10.764052,-158.35344,49.6283,21.610636,16.520689,11.424401,6.255049,5.6390004,-0.18564104,-0.2379512,-1.9907087,2.027147,2.6864684,-1.4627907,0
jazz.00068.wav,0.06120433645108275,0.09949384,1382.8810942210137,1643.4574817138032,2833.0734075913574,0.25282758,0.15422422,-64.89327,14.894722,-204.40417,138.56189,-10.771317,46.531643,-22.296581,9.674001,-11.094681,-17.79282,-7.5867662,-1.6089343,-7.6591063,-1.0280541,-9.978247,0
jazz.00083.wav,0.14964517473897912,0.07430314,3393.080458875416,3147.319911313142,7233.19944306482,0.21601756,0.0793871,-45.244244,9.76219,-125.98232,56.631195,23.469534,23.709396,-0.29916167,7.154332,0.18178771,-0.8391557,-4.1526923,-1.8885247,2.5274885,0.5238576,0.9215272,0
jazz.00028.wav,0.07490491166376644,0.048747774,1854.1337840481792,2096.2569960443584,4031.4136478574537,0.15634964,0.09395307,-62.0509,13.464349,-233.78688,108.448845,-10.692218,38.697773,-10.757062,14.163576,-16.255836,10.371212,-20.810995,10.070447,-12.022905,7.7604136,-12.027533,0
jazz.00034.wav,0.07934929065158546,0.12999395,1759.6144140848987,1779.727009111931,3574.320201475493,0.36862332,0.14115673,-57.97004,16.486311,-146.37517,118.19464,-34.673393,58.782375,-14.961517,34.299007,-6.591182,13.8928995,-14.637521,9.193353,-11.336161,1.0952282,-5.4995704,0
jazz.00035.wav,0.037725674303944315,0.091462374,844.1729949398231,1104.4627955493106,1608.811720562645,0.21682476,0.09415905,-67.82014,15.292657,-261.9065,182.52736,-16.897041,49.855297,-1.2192537,6.3459206,5.9968686,-8.87631,-10.314593,-3.2035499,-5.370093,-3.5455356,-2.8951979,0
jazz.00031.wav,0.07237627187258314,0.043577813,1752.7248668089467,1990.315447100089,3733.795803273637,0.11657651,0.045278654,-57.733322,14.68973,-237.51991,115.94364,-15.43163,47.1034,-13.503622,18.200197,-13.963652,15.332401,-17.526098,13.422289,-6.228496,8.632212,-7.2494073,0
jazz.00062.wav,0.06751573980085074,0.09777056,1725.6171874007612,2091.10623750538,3504.599586716937,0.25961918,0.11563691,-57.22165,12.959883,-168.13132,108.280045,-14.153984,30.439228,3.8875537,4.6804056,3.1929495,1.9267529,-1.1429431,0.23423402,-5.2528405,-2.5567286,-7.2262635,0
jazz.00074.wav,0.09553696587393658,0.11266223,2415.076791967096,2552.8255059224193,5136.026999347448,0.29811257,0.20467004,-59.913624,12.56345,-149.20642,79.08024,2.0129542,27.603142,0.32049343,1.7403431,-3.6078987,-0.16264422,-5.0342765,1.2452917,1.1467863,-0.61477983,1.8223752,0
jazz.00040.wav,0.054847239341647334,0.13801351,1317.0269708114588,1475.6012299441804,2778.8906725819315,0.31463474,0.08262413,-63.844234,15.508352,-179.8,147.75923,-20.459309,58.603146,-23.800596,2.462271,-3.1939633,-9.311168,-5.76392,-0.4222122,-8.364214,3.0939608,-6.8591576,0
jazz.00020.wav,0.03296332717034029,0.027113363,1171.3366948620226,1678.1466293123667,2580.212317376015,0.062458485,0.042180195,-69.45124,11.742327,-376.71182,119.157196,-2.9485693,48.49733,13.156253,21.246124,0.022175588,8.012308,-0.4058176,2.3731847,-0.034592748,0.8998019,1.6660528,0
jazz.00093.wav,0.08172045690738593,0.045283854,2152.8430463253017,2775.45858091221,5015.7957851471865,0.121271566,0.040696662,-51.842094,11.488857,-215.3706,100.935074,17.103338,12.981271,16.05995,4.7681456,4.5719385,-3.135014,-4.1529493,-2.2979841,-4.922637,-3.3403125,-1.4198282,0
jazz.00045.wav,0.042621704007153906,0.10030164,937.3823871861681,1186.6650247074094,1763.0913754350347,0.2540316,0.09530233,-66.014694,15.522039,-231.30542,174.38911,-19.74983,47.356174,-1.9784858,6.66748,-1.1242052,-5.4987464,-13.734889,-3.6913314,-6.3084717,-1.4986175,-2.635248,0
jazz.00032.wav,0.061381069339713844,0.040505677,1522.0894311198458,1909.705793787323,3252.079896860499,0.09373084,0.070851065,-63.35342,13.361082,-305.4654,121.930756,2.6112542,36.931583,-8.555872,17.913818,-9.265583,10.559932,-9.93475,2.3150373,-12.682135,0.3106361,-8.614856,0
jazz.00098.wav,0.058131147887664346,0.060133778,1885.6190151488076,2230.5435545862933,4357.001341357309,0.14740531,0.06128733,-59.953663,13.728493,-222.99565,102.8713,-1.6640548,45.21429,-6.754359,25.362495,-14.371586,24.249865,-10.4132,11.150229,-9.152708,6.6299033,-7.827208,0
metal.00060.wav,0.1394849218145785,0.1257114,2315.2761541025193,2066.5542503748793,4615.882735462587,0.37682116,0.09374655,-47.300793,17.26618,-58.26438,105.85012,-43.89204,58.44616,-18.43399,27.973726,-17.970457,21.04627,-15.554038,13.396519,-15.686207,9.36363,-15.322578,1
metal.00006.wav,0.1980427965487239,0.050436046,3237.0244682555635,2572.856199120334,6228.183401156468,0.16106892,0.039611064,-43.915867,14.822203,-140.7743,55.93842,-12.305976,44.334286,-10.598108,10.867342,-0.94542086,22.24718,-9.377725,15.238384,-3.0571644,9.061382,-8.799073,1
metal.00014.wav,0.18525232018561485,0.07754347,2877.541876665423,2101.362825492408,5198.586533407048,0.24136733,0.0672776,-45.71862,17.360857,-117.906,65.43348,-51.41982,74.08295,-13.754418,25.73151,-13.124018,32.21793,-10.338713,21.69744,-7.7939715,12.340983,-14.446544,1
metal.00056.wav,0.17930646691318639,0.24282901,3010.922425177517,2386.8119095662273,5633.4556491081785,0.71030754,0.15098715,-44.770393,15.48472,11.953702,69.42064,-23.265295,60.70008,-20.821873,25.098858,-16.187572,15.548446,-10.504553,18.777107,-13.392752,17.374573,-11.054032,1
metal.00067.wav,0.12011605459686775,0.13622083,2254.606986104016,2071.0284398514377,4381.532206170244,0.38833818,0.12374404,-50.77482,16.298323,-82.511116,97.34172,-34.367928,71.4085,-3.292029,17.37537,-9.026282,16.017792,-19.010939,12.084585,-9.567408,13.953283,-14.459843,1
metal.00039.wav,0.08823464991782676,0.15425298,2098.946281494044,2062.9067794559082,4449.612433838457,0.39776504,0.14505583,-57.53654,15.531202,-99.87088,102.13179,-23.61975,63.055237,-8.763341,30.725077,-9.637298,14.158516,0.38010988,13.219311,-10.086185,9.18603,-4.9288907,1
metal.00073.wav,0.1212886093387471,0.2933532,2642.0924576803404,2461.348759167464,5567.132384262616,0.78743106,0.1344862,-47.490765,14.909441,2.7837267,77.06304,-17.550632,57.951275,0.7442921,28.829195,-7.858991,27.606932,-13.541932,17.285963,-7.569737,13.035099,-8.743485,1
metal.00003.wav,0.16667346408546016,0.15011945,2752.293220771919,2205.7506246580533,5234.80827880293,0.45530677,0.11819149,-46.120132,16.295595,-43.095963,75.37249,-47.823303,53.022266,-12.325954,36.862835,-8.285685,28.386372,-14.524615,22.091658,-7.3449435,15.974339,-13.12713,1
metal.00066.wav,0.14432166292053364,0.08802084,2390.3250702324603,2027.623777033118,4449.812277950986,0.2520845,0.11103113,-50.875473,17.2916,-135.4813,93.3442,-43.30297,59.231857,-8.52645,20.959759,-6.542696,21.902744,-18.983,17.052896,-15.888565,11.074282,-18.491041,1
metal.00028.wav,0.17988877912316317,0.14405736,2789.433630096567,2247.7305241458034,5346.429542488399,0.4383,0.07161526,-42.070187,17.007746,-28.094532,84.013565,-43.699223,47.963398,-22.446869,19.900108,-25.177614,24.78486,-13.102411,24.660822,-16.40272,17.5464,-15.407458,1
metal.00082.wav,0.1412658455384764,0.13156159,2378.4924001543222,2092.421779848281,4748.421016259425,0.3764676,0.12699036,-48.54917,16.814728,-57.683716,101.41867,-41.490356,55.114075,-23.33916,28.144375,-12.126061,18.141897,-15.424081,11.882043,-10.80153,9.3880205,-12.276187,1
metal.00022.wav,0.10695209783449343,0.19874765,2218.825904089443,2226.2748939203034,4780.271171693736,0.55708593,0.179922,-51.22664,16.20899,-45.855606,107.999084,-11.737645,66.32688,-30.20683,9.242658,-25.778023,21.871576,-17.935884,10.272776,-14.112474,18.74616,-14.231648,1
metal.00034.wav,0.16082730628866976,0.09046083,2707.018738290395,2234.822828310659,5291.122684345998,0.26968974,0.10341965,-46.286,16.931,-104.72376,87.753716,-33.24886,48.474255,-28.912521,22.514238,-24.98013,20.53738,-12.0629835,18.249126,-15.186173,10.295276,-13.891189,1
metal.00053.wav,0.1725668261794277,0.22736318,2906.6272868814203,2374.528030477664,5518.770109030597,0.67615765,0.17662187,-46.0072,15.454661,4.921885,75.08444,-24.7378,57.01522,-21.784542,26.046984,-12.561588,17.442467,-10.24161,18.605198,-13.02789,18.95047,-9.700773,1
metal.00020.wav,0.15234903688128384,0.11726673,2657.9674957731663,2345.6871620289253,5358.286959831787,0.33918065,0.121420674,-46.63869,16.126093,-75.01482,81.182755,-20.20419,68.30383,-11.353893,23.65647,-19.828419,24.192091,-13.164456,22.281841,-11.5525,13.55542,-15.050375,1
metal.00007.wav,0.16831088674593966,0.06945514,2939.593464244178,2522.764063583591,5806.928665621374,0.20545052,0.0521061,-45.1617,14.709769,-108.10116,65.7679,-20.839346,47.553825,0.8670944,8.987105,-3.2015545,20.969145,-10.341167,7.8690696,-8.121823,12.04054,-9.151338,1
metal.00013.wav,0.20352264899941996,0.0862796,3047.617764168932,2303.53262803851,5735.609297962587,0.27946326,0.06648,-42.876175,16.455122,-84.9103,64.6441,-36.324474,65.36853,-13.865839,22.854403,-15.553914,36.286213,-13.659294,21.254707,-9.240201,19.162218,-10.595865,1
metal.00054.wav,0.19571807932134572,0.20701885,3113.773135146241,2411.5633343766262,5829.252918358468,0.64763665,0.15500042,-43.17716,15.995157,1.160123,66.661285,-23.696735,60.959904,-18.8799,29.750109,-17.541328,21.03256,-11.1868925,18.81291,-13.0625515,19.95668,-10.5663,1
metal.00090.wav,0.08463503903228925,0.14654946,2141.580203124421,2217.634537092959,4683.230201384861,0.407894,0.09919182,-51.984413,15.641293,-93.54413,100.64616,-23.339111,52.490635,-7.746713,39.590942,-7.766726,26.725874,-12.482563,11.733807,-10.551813,23.023441,-9.955353,1
metal.00093.wav,0.1416087375531709,0.091984704,2644.877602537062,2268.124641763541,5176.9201008736945,0.2619884,0.080095746,-48.942204,15.651627,-105.01983,80.71132,-28.524954,66.808876,-20.705503,29.11743,-9.36118,22.350224,-12.045787,13.597408,-14.733175,11.056683,-15.270406,1
metal.00004.wav,0.19235071357791958,0.063436955,3403.076270500999,2825.1012483991854,6902.990354462732,0.2003896,0.04905322,-41.24137,13.309014,-107.15857,47.66012,-8.623368,38.404957,8.464611,9.544071,1.0112349,20.752398,0.71035355,11.781386,1.1649987,11.065436,-2.537655,1
metal.00002.wav,0.12834093133700697,0.13272823,2198.9192293914725,2006.3317772520952,4447.472436466793,0.39213625,0.11021057,-47.74782,17.529062,-62.234993,115.17359,-42.7843,54.301395,-24.871058,20.127165,-21.635332,20.841629,-8.395902,20.32247,-10.730717,9.666508,-14.542503,1
metal.00072.wav,0.11677021401295437,0.19426143,2339.8927465134484,2152.0353593549626,4708.18573493692,0.5041543,0.08135261,-48.51504,16.159248,-35.23795,93.94743,-35.17942,62.7964,-11.723904,26.99777,-10.754326,24.073627,-13.038538,13.602752,-12.412999,13.56914,-12.245766,1
metal.00098.wav,0.11569735474671307,0.13896145,2241.1592830281006,2115.9491769285764,4490.771994181409,0.3825043,0.20809819,-56.135834,15.708177,-95.38948,92.07625,-28.034975,52.784756,-3.0201979,25.395441,-6.1320233,20.092926,-10.223895,12.40339,-8.271537,11.690027,-9.267028,1
metal.00097.wav,0.08622601266434649,0.18602574,1983.7751575084244,2112.3256966584036,4242.224206061485,0.4941182,0.17789258,-54.968517,16.045927,-82.13019,98.281494,-16.521841,68.43462,1.4349229,29.857725,-5.2819605,24.396568,-10.477876,14.397421,-7.8960547,10.021555,-8.499245,1
metal.00012.wav,0.1768272972254447,0.11425508,2803.074835916438,2183.198968154454,5262.3867663319315,0.35787,0.06475224,-43.424744,17.014708,-64.16983,74.51786,-45.95962,65.874855,-14.656126,23.85036,-13.76839,37.754734,-10.581906,21.380354,-9.340069,17.906586,-10.783357,1
metal.00033.wav,0.09999833840873937,0.25668892,2030.4879168259463,1929.8624210255596,4224.296523800029,0.7001558,0.117846824,-53.84172,17.650707,-35.695076,115.43363,-40.62704,75.3601,-12.551094,21.83495,1.8066264,15.609134,-0.17512883,10.240898,-11.757829,15.403562,-12.46797,1
metal.00087.wav,0.18673944436388246,0.2671389,3338.5301942115357,2697.1444825624217,6670.904725112384,0.7900515,0.1420439,-42.16672,14.719676,22.829609,60.81942,-6.397703,53.160336,-13.251242,27.90263,-14.308226,29.683228,-17.330418,20.300093,-9.741711,17.123072,-8.250261,1
metal.00099.wav,0.10796566850348027,0.17008242,2375.3719707454475,2231.730875766868,4898.1542175717805,0.4646047,0.19388662,-53.9695,15.062416,-66.68023,88.369576,-27.548222,53.182358,-9.191762,27.966816,-8.108185,26.2966,-8.240403,12.689763,-7.1285143,13.682774,-8.3691435,1
metal.00032.wav,0.1481127344354215,0.13645852,2502.977404109766,2134.296301191332,4762.87640706569,0.38969564,0.120521545,-47.953217,16.760246,-61.91036,93.01313,-39.94318,56.14137,-19.668215,23.387537,-7.6445394,17.707832,-19.321178,17.783268,-13.084654,14.295796,-13.077747,1
metal.00048.wav,0.1765742821925754,0.22439936,2889.070230029977,2337.44295794068,5484.788283062645,0.6924952,0.15791775,-43.351658,16.431414,9.593644,76.35295,-31.271175,56.885223,-20.743324,27.245623,-16.636316,19.367924,-13.913679,19.664995,-16.060602,17.48863,-12.95419,1
metal.00065.wav,0.17120583188321734,0.095366985,2760.0463294776246,2242.641755824689,5259.580621918503,0.28249106,0.09487129,-46.707626,16.18636,-86.23198,76.77148,-42.36282,53.992195,-8.330779,29.406782,-7.8969393,26.659845,-14.230666,18.45901,-17.954203,9.866014,-19.030064,1
metal.00084.wav,0.1385170449052591,0.22971004,2522.1247438723517,2275.6554221972538,5088.755539896317,0.67920136,0.20548941,-47.34481,15.943183,0.25672,94.185646,-32.401512,45.452946,-15.199273,25.886078,-12.390217,19.618542,-6.8050222,17.22498,-12.9858885,13.681323,-8.688227,1
metal.00092.wav,0.09328588735015468,0.16623126,2090.1932438829344,2065.3245236316834,4392.865032718242,0.45233923,0.14632152,-51.046093,16.218874,-67.92382,108.93854,-33.82898,50.489887,-21.362123,21.491247,-14.870393,11.620577,-19.260174,10.52665,-13.919647,5.553817,-14.430823,1
metal.00091.wav,0.1200435487964037,0.11595993,2323.601876230782,2263.873465274725,5018.635236912703,0.352181,0.12881434,-50.805523,16.060602,-96.652916,101.72488,-16.835794,47.300335,-27.080929,28.283823,-17.181023,21.641132,-17.88522,7.021394,-14.604523,15.221765,-16.001877,1
metal.00008.wav,0.14056155742459397,0.058365826,2966.0022578655708,2759.0013960891283,6189.363682297709,0.17194048,0.048750676,-48.425922,13.341375,-149.9959,67.87112,-6.662219,32.076027,6.0948653,12.234472,9.144557,10.1837845,3.7711596,10.598272,0.76798576,7.7185936,-1.1560501,1
metal.00046.wav,0.16367995637567673,0.21236151,2795.3269859130346,2321.701947416382,5455.111432352088,0.6457879,0.13426995,-43.572502,16.599215,0.3683423,79.70758,-30.644737,61.064266,-17.46055,26.701656,-21.244143,22.358158,-13.016821,17.87094,-13.373003,19.25502,-10.970987,1
metal.00064.wav,0.17726459783449341,0.09044641,2683.2329169635404,2126.6960341043696,4972.29638332004,0.27107388,0.121844776,-46.67384,17.338343,-110.88208,83.1775,-45.262383,56.575737,-7.4917903,19.974426,-13.3807125,21.210558,-15.712456,18.088774,-18.111538,12.935681,-17.24048,1
metal.00017.wav,0.15871519721577726,0.11373729,2656.9415562858667,2337.704931468945,5327.1529124673725,0.33312038,0.09299043,-44.208252,16.503681,-75.53899,81.87488,-22.043093,69.874,-11.727046,25.740551,-18.521591,27.030558,-14.075854,22.139402,-12.094865,14.948557,-13.516832,1
metal.00075.wav,0.08885850190931942,0.24464075,2068.4834099126797,2199.4087969672987,4439.486998803654,0.6403417,0.21005327,-53.627197,15.65271,-40.49335,105.29485,-14.107663,54.843636,-1.1911923,20.077198,-11.698835,22.175388,-10.231946,14.189074,-6.91101,13.343559,-9.252238,1
metal.00078.wav,0.13179062137470998,0.2694679,2814.947126588473,2547.9267859040733,5897.1582824282195,0.7608449,0.15583335,-46.92526,14.921107,-1.694594,73.40456,-15.908845,55.80444,-1.902661,34.030216,-8.318228,32.759865,-9.707088,20.836563,-9.03743,13.959178,-9.585644,1
metal.00077.wav,0.15991871797660479,0.14906156,2740.9191494780016,2301.9114258838003,5408.697637217228,0.45191848,0.10460444,-43.826233,17.108564,-42.059067,86.99415,-27.527782,62.616234,-27.00237,32.331196,-18.957167,22.128767,-14.316716,19.505413,-10.960919,16.760109,-12.37703,1
metal.00047.wav,0.1781082330336427,0.21747482,2908.3001309605806,2286.2525915644214,5405.816551261601,0.6581074,0.13982376,-42.733547,16.54763,-1.9132981,72.68616,-32.791992,63.605473,-18.55635,25.870161,-13.8591,18.078884,-11.946615,19.672186,-13.95425,18.755695,-11.187991,1
metal.00030.wav,0.051180787171307036,0.23018019,1525.819725147997,1868.573833609333,3501.193909965922,0.5843605,0.14006321,-57.05974,15.916636,-77.4267,130.8787,-23.27522,61.981148,0.9021968,30.512102,-8.751037,19.438395,-2.2219026,13.104674,-3.2966616,8.926949,-8.95898,1
metal.00059.wav,0.14982190762761022,0.18228553,2442.504289617461,2102.881568574062,4728.594814928944,0.54455465,0.10157506,-46.15322,17.094511,-15.625049,99.14236,-45.630257,55.01213,-18.020164,23.897812,-19.600197,27.33792,-15.103913,18.797401,-16.146685,9.214215,-16.21849,1
metal.00041.wav,0.1373478888727765,0.09754965,2269.1618713103626,1928.9447572525814,4186.5592938841355,0.2907922,0.09051609,-46.666855,17.944881,-100.42342,104.69319,-57.254005,56.57685,-5.5556498,22.833267,-6.1715155,23.097109,-19.071957,17.795355,-13.782983,9.9627905,-14.858659,1
metal.00001.wav,0.1528407168406806,0.09723436,2922.918811417647,2620.94410751914,6037.132429578742,0.2837056,0.054398064,-42.35363,14.692828,-80.19851,64.840294,-15.457802,46.845818,7.914341,21.7688,-2.1780026,21.984138,-7.7135434,11.146056,-4.2872386,11.4456625,-10.364867,1
metal.00015.wav,0.16920927892981438,0.110896595,2986.8439274816596,2458.8502452509774,5817.953399162558,0.3271813,0.066982225,-43.81778,15.959851,-76.82907,68.00133,-11.254527,76.371796,-17.477226,25.34032,-17.897217,20.36891,-21.417898,14.218315,-15.766988,12.519557,-18.503288,1
metal.00027.wav,0.1282435016676334,0.16501737,2398.1820899923205,2218.778826799489,4866.162505891096,0.46770173,0.10895501,-46.519466,16.31281,-36.520527,94.80008,-36.593456,54.99104,-8.216152,29.664177,-13.687591,28.70313,-11.987737,19.361517,-15.656162,13.932657,-11.961838,1
metal.00074.wav,0.13498352003576952,0.0408314,2725.3111027767286,2400.1015931750558,5496.87885187065,0.11410034,0.0326475,-48.792118,15.788612,-201.1977,76.78211,-14.798453,68.737755,-12.944738,36.95659,-10.983901,23.68839,-12.268321,16.671507,-11.074646,15.571094,-11.184891,1
metal.00088.wav,0.09239202677880898,0.13327341,1988.333598338055,1987.148634247517,4148.097629060325,0.33891678,0.17069338,-58.237385,15.883655,-129.66246,104.03299,-26.97075,68.23634,2.4252665,22.584345,-12.082626,17.048147,-5.671186,13.662889,-2.7942126,5.380839,-2.9976447,1
metal.00021.wav,0.19154597471964424,0.10841584,3046.6375964393765,2324.2741830512996,5734.984785110933,0.3258598,0.097132385,-47.49088,15.825967,-76.301384,61.76604,-37.11394,62.4425,-14.826138,34.56099,-11.486592,30.955881,-12.274118,22.304583,-7.5076523,17.840624,-11.123554,1
metal.00080.wav,0.1440546754156999,0.13984975,2847.682766545686,2497.4780375557416,5929.641277552204,0.40298527,0.17688109,-50.81722,15.028153,-73.529945,74.65846,-16.444176,55.64547,-7.73465,36.538662,-18.304913,27.82096,-11.9202,20.062939,-11.357838,14.711522,-7.2920494,1
metal.00043.wav,0.17726459783449341,0.09044641,2683.2329169635404,2126.6960341043696,4972.29638332004,0.27107388,0.121844776,-46.67384,17.338343,-110.88208,83.1775,-45.262383,56.575737,-7.4917903,19.974426,-13.3807125,21.210558,-15.712456,18.088774,-18.111538,12.935681,-17.24048,1
metal.00089.wav,0.046537772500966745,0.26595938,1443.8328603987707,1727.2151796545024,3286.428103701421,0.62189096,0.16192049,-58.686665,16.249018,-90.71683,128.03282,-34.72987,73.73097,4.3483534,28.08752,-0.521448,17.3454,4.391154,12.304352,2.2642078,5.675272,-6.7603726,1
metal.00063.wav,0.15186113326566125,0.09362837,2464.2908932653336,2037.687557797889,4549.026552983613,0.27423528,0.08086775,-47.22415,17.0043,-93.58541,89.861046,-55.879726,51.63358,-5.5666103,28.788872,-13.892081,27.35178,-15.314688,22.830261,-12.409005,9.700516,-19.727627,1
metal.00019.wav,0.16142736731438515,0.10085118,2699.3192596794,2324.2361798620072,5384.857899960121,0.30353495,0.12323101,-45.03284,16.986637,-89.35648,82.35881,-23.250647,68.10648,-13.07544,22.44569,-18.513552,26.229427,-14.34578,21.501032,-13.874236,12.476177,-14.113441,1
metal.00086.wav,0.15901012966453984,0.08825739,2629.8501440745704,2248.6904965784997,5190.917515588747,0.2683693,0.081553765,-45.578636,16.867033,-96.319695,90.949715,-32.21954,54.32833,-23.034355,27.715986,-16.943092,21.053059,-18.197136,22.608377,-9.003789,14.2718,-10.993184,1
metal.00083.wav,0.12287165264887857,0.2085754,2340.925502580738,2140.627460806763,4716.54588031105,0.59527814,0.12885039,-48.851856,17.002401,-29.381208,101.87547,-29.11233,69.73011,-16.168983,19.438528,-18.33918,19.062609,-18.282995,15.279576,-8.244228,2.4893925,-14.794669,1
metal.00031.wav,0.1251472774071926,0.22039165,2566.9185833922797,2408.733063311254,5444.63627012036,0.6331014,0.15973249,-46.089478,15.880894,-12.502043,91.31737,-23.075956,50.965084,-12.095052,30.911148,-14.991018,23.05281,-14.263137,23.069014,-17.673542,13.15619,-15.185923,1
metal.00025.wav,0.12607323690061872,0.10041095,2384.6349581046015,2072.7598996233983,4584.132502084542,0.2873414,0.09656178,-51.6475,16.656227,-120.14749,91.317215,-38.84589,75.0084,-3.8132598,22.665588,-8.119441,23.6549,-14.6307745,13.3709755,-9.403306,13.706296,-9.315235,1
metal.00058.wav,0.1428334058391338,0.18441163,2459.5208919140086,2221.3730531280544,5024.347447795823,0.53430593,0.11432362,-46.09564,16.639454,-15.672692,100.08496,-37.597607,45.951027,-20.771992,25.640266,-18.628998,26.507004,-20.164482,21.119764,-13.650189,10.966076,-15.529785,1
metal.00050.wav,0.1774496386794277,0.24894612,2986.810443330355,2408.5889201598466,5628.376277914733,0.73287934,0.15017381,-43.44158,15.7098675,16.490421,71.18601,-22.352016,60.271378,-18.55372,27.62332,-12.408052,16.954391,-8.729571,17.86587,-13.46914,18.926592,-11.023099,1
metal.00024.wav,0.12828881779292342,0.23133783,2410.87784256885,2227.683409308154,4950.005437935035,0.6464847,0.09662247,-46.275387,16.781277,-16.719742,94.1185,-32.79254,61.47652,-10.095501,34.224144,-11.96456,28.192856,-15.318693,19.32519,-8.285293,17.9421,-7.449493,1
metal.00000.wav,0.18301936811194897,0.11605348,3274.50233695886,2722.4884522973516,6408.00146824246,0.35474008,0.049494397,-42.453636,13.083427,-52.940304,50.09013,-11.491269,46.324932,6.543001,10.116378,5.4855285,8.844899,5.929942,6.625154,-4.033035,9.778293,-3.1172316,1
metal.00010.wav,0.19649222979505027,0.11807427,3048.9220500098186,2358.945156910617,5663.032577762471,0.3595156,0.072578445,-42.820873,16.576506,-58.747185,70.53281,-19.41459,73.5974,-27.754702,23.767187,-17.899994,21.221153,-16.954805,16.129747,-15.227396,14.870985,-18.699234,1
metal.00044.wav,0.17120583188321734,0.095366985,2760.0463294776246,2242.641755824689,5259.580621918503,0.28249106,0.09487129,-46.707626,16.18636,-86.23198,76.77148,-42.36282,53.992195,-8.330779,29.406782,-7.8969393,26.659845,-14.230666,18.45901,-17.954203,9.866014,-19.030064,1
metal.00042.wav,0.15186113326566125,0.09362837,2464.2908932653336,2037.687557797889,4549.026552983613,0.27423528,0.08086775,-47.22415,17.0043,-93.58541,89.861046,-55.879726,51.63358,-5.5666103,28.788872,-13.892081,27.35178,-15.314688,22.830261,-12.409005,9.700516,-19.727627,1
metal.00055.wav,0.19684040869102862,0.23246978,3108.521763898349,2361.478698580192,5699.254323158352,0.710644,0.15392472,-42.225513,16.216465,10.451379,63.716393,-28.423779,62.608288,-19.60048,28.830822,-15.230641,19.305824,-10.698309,18.866392,-12.708805,18.040703,-10.834188,1
metal.00011.wav,0.1714403428315932,0.23059022,2699.8589074887423,2240.001110045003,5157.318724169809,0.65664387,0.06873003,-43.746807,16.49895,8.767137,82.828575,-30.575233,66.71375,-16.364315,16.56509,-10.755587,29.541245,-25.093517,16.819788,-11.389716,12.785203,-13.344586,1
metal.00076.wav,0.16249154098994587,0.09689618,2792.6082415451833,2250.712806505966,5321.340779527987,0.2848147,0.1236163,-50.790543,16.033182,-100.889046,76.13688,-29.544004,69.70981,-17.342714,21.39084,-12.918476,22.007465,-9.841167,18.424643,-12.047207,8.983145,-20.870852,1
metal.00057.wav,0.1437182031854215,0.20710793,2718.6937188160364,2271.302364275169,5228.837935941126,0.6092683,0.16473806,-47.316563,16.190056,-24.984938,77.5327,-30.377945,68.362,-6.5110335,24.695711,-9.807751,19.519594,-11.459886,18.600405,-14.158085,14.448771,-5.925431,1
metal.00052.wav,0.16219169929427688,0.23981513,2716.919668513006,2208.8088417462245,5123.145380927349,0.7320733,0.18374936,-45.408527,16.62763,4.0256367,83.2709,-37.250732,62.33895,-14.855973,23.411692,-10.471727,16.797785,-7.959584,16.292543,-11.260961,13.323189,-7.821479,1
metal.00079.wav,0.14385528446442383,0.12733027,2710.4946367774073,2264.267370312119,5323.439142709542,0.36860883,0.13806088,-49.214478,16.238363,-74.911835,79.12138,-40.891678,54.720924,-9.688235,37.257725,-14.983511,20.934235,-17.433067,16.575285,-11.098043,15.470943,-11.12968,1
metal.00085.wav,0.1577129555781129,0.1518885,2647.101020975536,2256.609599766276,5304.828659730279,0.4727925,0.18716498,-48.231018,16.716797,-46.60955,86.80201,-34.77667,49.884212,-18.167683,28.71651,-23.474312,15.655808,-8.934668,10.58892,-18.180574,12.433221,-13.548779,1
metal.00095.wav,0.12111678569702243,0.18539381,2446.2488617975387,2331.004908877427,5192.782727305685,0.51362646,0.17795181,-50.837624,15.26277,-35.46846,94.10064,-24.217218,43.31534,-16.380928,29.513052,-5.864533,28.44544,-13.962112,13.745398,-9.199171,15.588234,-8.49749,1
metal.00070.wav,0.14284662304234338,0.048833318,2743.073339684432,2450.8768853978645,5626.144685324826,0.13685337,0.08307641,-53.69027,14.472324,-197.25981,74.13584,-10.736386,54.705547,-7.6014204,18.409927,-18.879755,11.596195,-14.562567,18.414227,-16.470966,12.570959,-10.469238,1
metal.00071.wav,0.15372966816511988,0.1152983,2807.8057561673,2407.4894835302443,5673.857467191126,0.33680606,0.14616951,-48.408314,16.010292,-78.647804,80.88358,-24.585787,47.03045,-23.746134,27.425705,-17.417694,22.277847,-13.530479,21.572742,-11.101342,15.585338,-9.702447,1
metal.00038.wav,0.14825774603634959,0.14582604,2690.7078061431353,2118.809583006876,5088.622310487964,0.40268245,0.23500606,-56.881577,16.900183,-122.13073,62.294144,-34.455505,75.62576,6.265152,22.035965,-10.951549,23.228693,-12.286277,5.6079226,-6.9927692,5.608427,-14.394314,1
metal.00045.wav,0.14432166292053364,0.08802084,2390.3250702324603,2027.623777033118,4449.812277950986,0.2520845,0.11103113,-50.875473,17.2916,-135.4813,93.3442,-43.30297,59.231857,-8.52645,20.959759,-6.542696,21.902744,-18.983,17.052896,-15.888565,11.074282,-18.491041,1
metal.00096.wav,0.12817326167343387,0.18817005,2493.5070129592455,2286.357472386488,5104.942913011166,0.5267943,0.18776254,-50.84069,15.822547,-51.620953,86.17162,-20.278294,59.064003,-10.875286,27.535135,-11.259489,23.944517,-11.562588,13.299591,-9.016209,13.918654,-10.735527,1
metal.00049.wav,0.19398775860402165,0.21749426,2980.0365062158285,2297.409753860625,5461.947766368185,0.67720085,0.13410635,-42.974716,16.663465,10.019839,74.12789,-32.235733,62.768585,-23.328833,30.02989,-14.879809,20.1592,-12.146163,19.189724,-14.9750185,18.799034,-12.281959,1
metal.00036.wav,0.16043343363302398,0.112159654,2685.678092352649,2317.5797699315112,5331.258043612239,0.33874446,0.112055466,-46.247936,16.035866,-71.29067,82.33942,-30.162804,56.456177,-10.86737,26.810652,-15.801576,25.331217,-15.626408,17.750357,-13.054565,14.61381,-14.269172,1
metal.00035.wav,0.16275324161349575,0.27069268,2836.9908685116243,2339.3829884951156,5615.31146905815,0.7502807,0.14874956,-49.131157,15.96244,13.4749975,78.02255,-32.99472,55.53537,-9.96921,35.403954,-17.637697,29.051128,-11.246763,14.006471,-10.087249,16.530062,-8.482169,1
metal.00040.wav,0.1665242985063805,0.10457902,2710.685063554155,2194.85859517659,5083.10161687935,0.31324145,0.08880318,-45.496246,16.501377,-74.115265,80.08523,-46.96149,51.019073,-9.135112,31.777958,-6.3894787,24.861723,-19.146336,20.790167,-11.678598,13.847807,-16.471899,1
metal.00081.wav,0.12193549702726218,0.19033647,2138.144345986772,1970.8392521568358,4201.114606746664,0.5574115,0.13260886,-47.836884,17.950518,-19.165882,118.84071,-52.14489,42.70032,-21.57285,27.6777,-14.611529,27.019527,-17.12797,18.968197,-10.767422,9.388282,-4.6614876,1
metal.00061.wav,0.1665242985063805,0.10457902,2710.685063554155,2194.85859517659,5083.10161687935,0.31324145,0.08880318,-45.496246,16.501377,-74.115265,80.08523,-46.96149,51.019073,-9.135112,31.777958,-6.3894787,24.861723,-19.146336,20.790167,-11.678598,13.847807,-16.471899,1
metal.00037.wav,0.12360086463167054,0.11196359,2292.5497866867986,2149.440749324474,4820.373223607889,0.32612336,0.072504945,-47.91646,16.558743,-79.10418,106.81736,-38.745987,39.85337,-26.75446,32.47149,-15.025887,29.701763,-11.370745,13.771312,-14.506493,16.162413,-3.071116,1
metal.00023.wav,0.131706408908546,0.19521451,2575.3453604073143,2237.060875903494,5056.738847701567,0.58263344,0.15465865,-49.31463,16.206833,-43.79751,82.774704,-29.60919,70.39718,-21.588846,31.144142,2.0903716,28.873167,-2.6873274,19.882483,-6.9340773,19.120056,-7.368736,1
metal.00009.wav,0.09464725928074245,0.3126573,2250.8283209687615,2390.0458819742744,5112.253876794519,0.81977355,0.100915745,-46.811172,15.777518,3.63844,104.7562,-0.8330118,55.920498,-29.22942,31.247383,-14.18906,20.21433,-8.2728195,15.177011,-14.592084,15.659341,-12.991373,1
metal.00094.wav,0.16082730628866976,0.09046083,2707.018738290395,2234.822828310659,5291.122684345998,0.26968974,0.10341965,-46.286,16.931,-104.72376,87.753716,-33.24886,48.474255,-28.912521,22.514238,-24.98013,20.53738,-12.0629835,18.249126,-15.186173,10.295276,-13.891189,1
metal.00029.wav,0.16328041920436967,0.08897911,2954.987188644721,2478.2750494604347,5928.192407736369,0.27999765,0.11042161,-46.407333,15.89908,-103.65423,73.85045,-16.147516,53.16935,-25.08461,33.998917,-13.661814,25.987873,-18.908802,18.671436,-12.789649,9.549379,-16.15425,1
metal.00068.wav,0.13070114619586234,0.09829889,2302.533109168331,2069.6124853377037,4598.9875811158645,0.29308406,0.11045621,-49.69327,17.097889,-99.95563,106.37162,-40.666348,52.714966,-20.737127,25.27559,-11.82884,22.08307,-12.473506,13.768815,-14.382096,15.966247,-11.722279,1
metal.00026.wav,0.1981458907337587,0.13815899,2870.915156290069,2126.853907874827,5186.379388866734,0.41307092,0.092171006,-45.315746,17.344687,-61.545593,71.761055,-46.299236,75.412506,-18.5159,35.931072,-12.677866,28.369665,-9.348156,14.502804,-4.2636037,11.863775,-16.02711,1
metal.00062.wav,0.1373478888727765,0.09754965,2269.1618713103626,1928.9447572525814,4186.5592938841355,0.2907922,0.09051609,-46.666855,17.944881,-100.42342,104.69319,-57.254005,56.57685,-5.5556498,22.833267,-6.1715155,23.097109,-19.071957,17.795355,-13.782983,9.9627905,-14.858659,1
metal.00005.wav,0.13431926116589327,0.12173561,2464.5835110221647,2204.6845786304452,4952.087147440545,0.34734762,0.12903927,-49.61989,16.223911,-79.6058,93.465515,-27.727808,64.066574,-18.799423,23.316315,-10.544774,13.356812,-17.534975,16.389614,-10.039802,8.944684,-16.07516,1
metal.00069.wav,0.05375889706593194,0.17353307,1740.931222343514,2098.711184556225,4109.827481511021,0.42653432,0.10052437,-54.447517,15.524932,-111.67717,111.15006,-10.645003,69.673256,-4.905362,29.825844,-10.380657,21.256948,-6.6366305,20.076212,-7.225975,16.22662,-10.115574,1
metal.00016.wav,0.1795621253866976,0.26962695,2743.501897552695,2140.599534652953,5129.681948774652,0.7939729,0.13493592,-45.374134,16.530825,26.65341,79.78971,-52.055866,51.3199,-16.369469,22.01802,-17.463215,30.917307,-15.998285,16.131706,-12.1922,11.308361,-12.454751,1
metal.00018.wav,0.18026074898491878,0.11836017,2291.710323082219,1583.8051705155342,3886.018729154582,0.37430784,0.064137615,-49.011135,20.698328,-76.3725,123.24473,-89.86509,76.42124,-21.255945,22.29254,-13.6527815,14.644066,-6.308824,9.905394,-3.9231298,5.387962,-2.486064,1
metal.00051.wav,0.22838043189288476,0.22616892,3400.8644228665357,2458.5508972723046,6163.292352450696,0.694474,0.15641433,-42.459694,15.634756,9.602479,54.68124,-21.033062,60.16367,-21.077375,32.142235,-15.838814,21.44647,-8.722074,19.363522,-12.378998,19.74797,-10.804131,1
